{"cameraMode":{"drawMode":0,"name":"Shaded","section":"Shading Mode"},"sceneLighting":true,"audioPlay":false,"sceneViewState":{"m_AlwaysRefresh":false,"showFog":true,"showSkybox":true,"showFlares":true,"showImageEffects":true,"showParticleSystems":true,"showVisualEffectGraphs":true,"m_FxEnabled":true},"in2DMode":false,"pivot":{"x":-2.9874775409698488,"y":-6.495660781860352,"z":3.7011470794677736},"rotation":{"x":0.43591800332069399,"y":-0.024841224774718286,"z":0.011950775049626828,"w":0.8996509909629822},"size":11.411661148071289,"orthographic":false}