{"cameraMode":{"drawMode":0,"name":"Shaded","section":"Shading Mode"},"sceneLighting":false,"audioPlay":false,"sceneViewState":{"m_AlwaysRefresh":false,"showFog":true,"showSkybox":false,"showFlares":true,"showImageEffects":true,"showParticleSystems":true,"showVisualEffectGraphs":true,"m_FxEnabled":true},"in2DMode":false,"pivot":{"x":-3.8024630546569826,"y":1.4285898208618165,"z":-23.751554489135743},"rotation":{"x":0.08797533065080643,"y":-0.8877797722816467,"z":0.19095690548419953,"w":0.40963849425315859},"size":10.875689506530762,"orthographic":false}